"primary_key","object_id","product_family_id","product_family_name","product_family_number","laststreameddate","product_code","product_code_description","international_brand","source_system","destination_market","product_type","process_step","process_stage"
"01966ca2-7ddd-7085-bc3d-0966f1ce7f5a-0195c683-840f-7a1a-ada4-150f48196984-1234-699759","0195c683-840f-7a1a-ada4-150f48196984","01966ca2-7ddd-7085-bc3d-0966f1ce7f5a",CypressTC2 – Streamer Test,"1234",2025-05-12 00:00:00.000,"699759",BKL 61186372NSC1003 350MG VIAL V1,BUILDING BLOCK,EU2,,Packing Material,Externally Procured Packing Material,Externally Procured Packing Material
"01966ca2-7ddd-7085-bc3d-0966f1ce7f5a-0195c683-840f-7d1a-a98f-5ecc3355cd92-1234-699758","0195c683-840f-7d1a-a98f-5ecc3355cd92","01966ca2-7ddd-7085-bc3d-0966f1ce7f5a",CypressTC2 – Streamer Test,"1234",2025-05-12 00:00:00.000,"699758",BKL 61186372NSC1003 350MG BOX V1,BUILDING BLOCK,EU2,,Packing Material,Externally Procured Packing Material,Externally Procured Packing Material
"01966ca2-7ddd-7085-bc3d-0966f1ce7f5a-0195c683-840f-7de5-9240-b8ba22c03210-1234-699097","0195c683-840f-7de5-9240-b8ba22c03210","01966ca2-7ddd-7085-bc3d-0966f1ce7f5a",CypressTC2 – Streamer Test,"1234",2025-05-12 00:00:00.000,"699097",BKL 61186372NSC3001 PEMETREXED V V1,BUILDING BLOCK,EU2,,Packing Material,Externally Procured Packing Material,Externally Procured Packing Material
"01966ca2-7ddd-7085-bc3d-0966f1ce7f5a-0195c683-8415-74e7-b3ea-480ed42a8de2-1234-698516","0195c683-8415-74e7-b3ea-480ed42a8de2","01966ca2-7ddd-7085-bc3d-0966f1ce7f5a",CypressTC2 – Streamer Test,"1234",2025-05-12 00:00:00.000,"698516",BKL 73841937NSC1001 61186372 350MG B V2,BUILDING BLOCK,EU2,,Packing Material,Externally Procured Packing Material,Externally Procured Packing Material
"01966ca2-7ddd-7085-bc3d-0966f1ce7f5a-0195c683-846c-78f7-86bb-de7c1604110e-1234-743960","0195c683-846c-78f7-86bb-de7c1604110e","01966ca2-7ddd-7085-bc3d-0966f1ce7f5a",CypressTC2 – Streamer Test,"1234",2025-05-12 00:00:00.000,"743960",BKL 61186372NSC3001 CARBOPLATIN V2,BUILDING BLOCK,EU2,,Packing Material,Externally Procured Packing Material,Externally Procured Packing Material
"01966ca2-7ddd-7085-bc3d-0966f1ce7f5a-0195c683-84b1-72f1-8388-3687d4c5f568-1234-699096","0195c683-84b1-72f1-8388-3687d4c5f568","01966ca2-7ddd-7085-bc3d-0966f1ce7f5a",CypressTC2 – Streamer Test,"1234",2025-05-12 00:00:00.000,"699096",BKL 61186372NSC3001 CARBOPLATIN V1,BUILDING BLOCK,EU2,,Packing Material,Externally Procured Packing Material,Externally Procured Packing Material
"01966ca2-7ddd-7085-bc3d-0966f1ce7f5a-0195c683-84b1-7a5a-9f94-29f3f1789fb7-1234-737585","0195c683-84b1-7a5a-9f94-29f3f1789fb7","01966ca2-7ddd-7085-bc3d-0966f1ce7f5a",CypressTC2 – Streamer Test,"1234",2025-05-12 00:00:00.000,"737585",BKL 61186372NSC3002 350MG VIAL V1,BUILDING BLOCK,EU2,,Packing Material,Externally Procured Packing Material,Externally Procured Packing Material
"01966ca2-7ddd-7085-bc3d-0966f1ce7f5a-0195c683-84b7-74a2-8a93-a9a6c8dc3bc0-1234-698443","0195c683-84b7-74a2-8a93-a9a6c8dc3bc0","01966ca2-7ddd-7085-bc3d-0966f1ce7f5a",CypressTC2 – Streamer Test,"1234",2025-05-12 00:00:00.000,"698443",BKL NSC3003 61186372_350MG OL VIAL V1,BUILDING BLOCK,EU2,,Packing Material,Externally Procured Packing Material,Externally Procured Packing Material
"01966ca2-7ddd-7085-bc3d-0966f1ce7f5a-0195c683-84ca-7905-a2b2-fda0fffb97b2-1234-699850","0195c683-84ca-7905-a2b2-fda0fffb97b2","01966ca2-7ddd-7085-bc3d-0966f1ce7f5a",CypressTC2 – Streamer Test,"1234",2025-05-12 00:00:00.000,"699850",BKL 61186372NSC1003 RHUPH20 0.5MG BOX V1,BUILDING BLOCK,EU2,,Packing Material,Externally Procured Packing Material,Externally Procured Packing Material
"01966ca2-7ddd-7085-bc3d-0966f1ce7f5a-0195c683-84ec-71f8-a224-e977e69f0cb1-1234-698965","0195c683-84ec-71f8-a224-e977e69f0cb1","01966ca2-7ddd-7085-bc3d-0966f1ce7f5a",CypressTC2 – Streamer Test,"1234",2025-05-12 00:00:00.000,"698965",BKL 61186372NSC3001 350MG V V1,BUILDING BLOCK,EU2,,Packing Material,Externally Procured Packing Material,Externally Procured Packing Material
"01966ca2-7ddd-7085-bc3d-0966f1ce7f5a-0195c683-84ec-7b69-9132-e447dc9f7083-1234-744662","0195c683-84ec-7b69-9132-e447dc9f7083","01966ca2-7ddd-7085-bc3d-0966f1ce7f5a",CypressTC2 – Streamer Test,"1234",2025-05-12 00:00:00.000,"744662",BKL 61186372EDI1001 73841937 93CT BTL V1,BUILDING BLOCK,EU2,,Packing Material,Externally Procured Packing Material,Externally Procured Packing Material
"01966ca2-7ddd-7085-bc3d-0966f1ce7f5a-0195c683-8522-7dcb-b286-ccd3f25ddabf-1234-751227","0195c683-8522-7dcb-b286-ccd3f25ddabf","01966ca2-7ddd-7085-bc3d-0966f1ce7f5a",CypressTC2 – Streamer Test,"1234",2025-05-12 00:00:00.000,"751227",BKL 61186372NSC3004 1600 MG BOX V2,BUILDING BLOCK,EU2,,Packing Material,Externally Procured Packing Material,Externally Procured Packing Material
"01966ca2-7ddd-7085-bc3d-0966f1ce7f5a-0195c683-8542-7352-8a1f-f954b8260136-1234-751119","0195c683-8542-7352-8a1f-f954b8260136","01966ca2-7ddd-7085-bc3d-0966f1ce7f5a",CypressTC2 – Streamer Test,"1234",2025-05-12 00:00:00.000,"751119",BKL 61186372NSC2005 METHOTREXATE BOX V1,BUILDING BLOCK,EU2,,Packing Material,Externally Procured Packing Material,Externally Procured Packing Material
"01966ca2-7ddd-7085-bc3d-0966f1ce7f5a-0195c683-8543-7dba-80bc-9674d55c958e-1234-751120","0195c683-8543-7dba-80bc-9674d55c958e","01966ca2-7ddd-7085-bc3d-0966f1ce7f5a",CypressTC2 – Streamer Test,"1234",2025-05-12 00:00:00.000,"751120",BKL 61186372NSC2005 MONTELUKAST BTL V1,BUILDING BLOCK,EU2,,Packing Material,Externally Procured Packing Material,Externally Procured Packing Material
"01966ca2-7ddd-7085-bc3d-0966f1ce7f5a-0195c683-8559-7e48-a66d-64c924ade8c6-1234-754013","0195c683-8559-7e48-a66d-64c924ade8c6","01966ca2-7ddd-7085-bc3d-0966f1ce7f5a",CypressTC2 – Streamer Test,"1234",2025-05-12 00:00:00.000,"754013",BKL 61186372NSC3005 OSI 40MG DP V1,BUILDING BLOCK,EU2,,Packing Material,Externally Procured Packing Material,Externally Procured Packing Material
"01966ca2-7ddd-7085-bc3d-0966f1ce7f5a-0195c683-8567-7570-aed9-98144635d63b-1234-747974","0195c683-8567-7570-aed9-98144635d63b","01966ca2-7ddd-7085-bc3d-0966f1ce7f5a",CypressTC2 – Streamer Test,"1234",2025-05-12 00:00:00.000,"747974",BKL 61186372NSC2005 73841937 93CT BTL V1,BUILDING BLOCK,EU2,,Packing Material,Externally Procured Packing Material,Externally Procured Packing Material
"01966ca2-7ddd-7085-bc3d-0966f1ce7f5a-0195c683-8569-77d6-870a-27920534df06-1234-749897","0195c683-8569-77d6-870a-27920534df06","01966ca2-7ddd-7085-bc3d-0966f1ce7f5a",CypressTC2 – Streamer Test,"1234",2025-05-12 00:00:00.000,"749897",BKL 61186372NSC3004 73841937 93CT BTL V1,BUILDING BLOCK,EU2,,Packing Material,Externally Procured Packing Material,Externally Procured Packing Material
"01966ca2-7ddd-7085-bc3d-0966f1ce7f5a-0195c683-8571-777b-873c-d31fa84e5518-1234-749891","0195c683-8571-777b-873c-d31fa84e5518","01966ca2-7ddd-7085-bc3d-0966f1ce7f5a",CypressTC2 – Streamer Test,"1234",2025-05-12 00:00:00.000,"749891",BKL 61186372GIC2002 350MG VIAL V1,BUILDING BLOCK,EU2,,Packing Material,Externally Procured Packing Material,Externally Procured Packing Material
"01966ca2-7ddd-7085-bc3d-0966f1ce7f5a-0195c683-8575-7e7a-b55d-536f50d0a1db-1234-695760","0195c683-8575-7e7a-b55d-536f50d0a1db","01966ca2-7ddd-7085-bc3d-0966f1ce7f5a",CypressTC2 – Streamer Test,"1234",2025-05-12 00:00:00.000,"695760",BKL 61186372EDI1001 LAZERTIN 80 MG DP V2,BUILDING BLOCK,EU2,,Packing Material,Externally Procured Packing Material,Externally Procured Packing Material
"01966ca2-7ddd-7085-bc3d-0966f1ce7f5a-0195c683-85c0-7668-9d7f-b7213cf1a737-1234-756282","0195c683-85c0-7668-9d7f-b7213cf1a737","01966ca2-7ddd-7085-bc3d-0966f1ce7f5a",CypressTC2 – Streamer Test,"1234",2025-05-12 00:00:00.000,"756282",BKL 61186372PANSC2002 350MG 50MG/ML B V1,BUILDING BLOCK,EU2,,Packing Material,Externally Procured Packing Material,Externally Procured Packing Material
"01966ca2-7ddd-7085-bc3d-0966f1ce7f5a-0195c683-85c0-7768-a43f-5b6a4ca653f5-1234-756554","0195c683-85c0-7768-a43f-5b6a4ca653f5","01966ca2-7ddd-7085-bc3d-0966f1ce7f5a",CypressTC2 – Streamer Test,"1234",2025-05-12 00:00:00.000,"756554",BKL 61186372NSC3005 LAZERT 93CT BTL V2,BUILDING BLOCK,EU2,,Packing Material,Externally Procured Packing Material,Externally Procured Packing Material
"01966ca2-7ddd-7085-bc3d-0966f1ce7f5a-0195c683-85c1-7243-93f5-a1872c568990-1234-756552","0195c683-85c1-7243-93f5-a1872c568990","01966ca2-7ddd-7085-bc3d-0966f1ce7f5a",CypressTC2 – Streamer Test,"1234",2025-05-12 00:00:00.000,"756552",BKL 61186372NSC3005 OSI 80MG DP V2,BUILDING BLOCK,EU2,,Packing Material,Externally Procured Packing Material,Externally Procured Packing Material
"01966ca2-7ddd-7085-bc3d-0966f1ce7f5a-0195c683-85de-747c-8507-bb840f1c82c0-1234-698441","0195c683-85de-747c-8507-bb840f1c82c0","01966ca2-7ddd-7085-bc3d-0966f1ce7f5a",CypressTC2 – Streamer Test,"1234",2025-05-12 00:00:00.000,"698441",BKL NSC3003 61186372_350MG OL BOX V1,BUILDING BLOCK,EU2,,Packing Material,Externally Procured Packing Material,Externally Procured Packing Material
"01966ca2-7ddd-7085-bc3d-0966f1ce7f5a-0195c683-85ea-7cfd-bf55-7b6a6d749f60-1234-759776","0195c683-85ea-7cfd-bf55-7b6a6d749f60","01966ca2-7ddd-7085-bc3d-0966f1ce7f5a",CypressTC2 – Streamer Test,"1234",2025-05-12 00:00:00.000,"759776",BKL 61186372NSC1003 160 MG/ML 10 ML B V1,BUILDING BLOCK,EU2,,Packing Material,Externally Procured Packing Material,Externally Procured Packing Material
"01966ca2-7ddd-7085-bc3d-0966f1ce7f5a-0195c683-8626-7ca2-ba58-9dccbebaf86c-1234-749778","0195c683-8626-7ca2-ba58-9dccbebaf86c","01966ca2-7ddd-7085-bc3d-0966f1ce7f5a",CypressTC2 – Streamer Test,"1234",2025-05-12 00:00:00.000,"749778",BKL 61186372NSC3004 1600 MG VIAL V1,BUILDING BLOCK,EU2,,Packing Material,Externally Procured Packing Material,Externally Procured Packing Material
"01966ca2-7ddd-7085-bc3d-0966f1ce7f5a-0195c683-862c-74e7-a62e-698669b42b3a-1234-754012","0195c683-862c-74e7-a62e-698669b42b3a","01966ca2-7ddd-7085-bc3d-0966f1ce7f5a",CypressTC2 – Streamer Test,"1234",2025-05-12 00:00:00.000,"754012",BKL 61186372NSC3005 OSI 80MG DP V1,BUILDING BLOCK,EU2,,Packing Material,Externally Procured Packing Material,Externally Procured Packing Material
"01966ca2-7ddd-7085-bc3d-0966f1ce7f5a-0195c683-863d-701f-8ed8-8328e088bff4-1234-756092","0195c683-863d-701f-8ed8-8328e088bff4","01966ca2-7ddd-7085-bc3d-0966f1ce7f5a",CypressTC2 – Streamer Test,"1234",2025-05-12 00:00:00.000,"756092",BKL 61186372PANSC2002 CETR 240 MG V/B V1,BUILDING BLOCK,EU2,,Packing Material,Externally Procured Packing Material,Externally Procured Packing Material
"01966ca2-7ddd-7085-bc3d-0966f1ce7f5a-0195c683-8648-7863-bf84-bd6a90b2066d-1234-726259","0195c683-8648-7863-bf84-bd6a90b2066d","01966ca2-7ddd-7085-bc3d-0966f1ce7f5a",CypressTC2 – Streamer Test,"1234",2025-05-12 00:00:00.000,"726259",BKL 61186372NSC1003 160MG_HC_CF BOX V1,BUILDING BLOCK,EU2,,Packing Material,Externally Procured Packing Material,Externally Procured Packing Material
"01966ca2-7ddd-7085-bc3d-0966f1ce7f5a-0195c683-865c-7c16-a43b-f0cf1ab8171b-1234-467013","0195c683-865c-7c16-a43b-f0cf1ab8171b","01966ca2-7ddd-7085-bc3d-0966f1ce7f5a",CypressTC2 – Streamer Test,"1234",2025-05-12 00:00:00.000,"467013",AUTOKLAVIERTES EQUIPMENT CNTO4424 LPF2,RYBREVANT,EU2,,Raw Material,Externally Procured Raw Material,Externally Procured Raw Material
"01966ca2-7ddd-7085-bc3d-0966f1ce7f5a-0195c683-8660-7e82-8616-d0bc99fc0fd7-1234-695559","0195c683-8660-7e82-8616-d0bc99fc0fd7","01966ca2-7ddd-7085-bc3d-0966f1ce7f5a",CypressTC2 – Streamer Test,"1234",2025-05-12 00:00:00.000,"695559",BKL 61186372EDI1001 350 MG BOX V3,BUILDING BLOCK,EU2,,Packing Material,Externally Procured Packing Material,Externally Procured Packing Material
"01966ca2-7ddd-7085-bc3d-0966f1ce7f5a-0195c683-8668-7e47-888d-aca01df14d97-1234-747971","0195c683-8668-7e47-888d-aca01df14d97","01966ca2-7ddd-7085-bc3d-0966f1ce7f5a",CypressTC2 – Streamer Test,"1234",2025-05-12 00:00:00.000,"747971",BKL 61186372NSC2005 350MG BOX V1,BUILDING BLOCK,EU2,,Packing Material,Externally Procured Packing Material,Externally Procured Packing Material
"01966ca2-7ddd-7085-bc3d-0966f1ce7f5a-0195c683-867a-72fe-8717-f0611d293245-1234-762921","0195c683-867a-72fe-8717-f0611d293245","01966ca2-7ddd-7085-bc3d-0966f1ce7f5a",CypressTC2 – Streamer Test,"1234",2025-05-12 00:00:00.000,"762921",BKL 61186372NSC3004 2240 MG BOX V3,BUILDING BLOCK,EU2,,Packing Material,Externally Procured Packing Material,Externally Procured Packing Material
"01966ca2-7ddd-7085-bc3d-0966f1ce7f5a-0195c683-868e-75d8-b99f-a66a8cab4f89-1234-749870","0195c683-868e-75d8-b99f-a66a8cab4f89","01966ca2-7ddd-7085-bc3d-0966f1ce7f5a",CypressTC2 – Streamer Test,"1234",2025-05-12 00:00:00.000,"749870",BKL 61186372GIC2002 350MG BOX V1,BUILDING BLOCK,EU2,,Packing Material,Externally Procured Packing Material,Externally Procured Packing Material
"01966ca2-7ddd-7085-bc3d-0966f1ce7f5a-0195c683-86e0-7a00-b3cc-4a512f650baf-1234-753017","0195c683-86e0-7a00-b3cc-4a512f650baf","01966ca2-7ddd-7085-bc3d-0966f1ce7f5a",CypressTC2 – Streamer Test,"1234",2025-05-12 00:00:00.000,"753017",BKL 61186372NSC2002 PEMETREXED V/B V1,BUILDING BLOCK,EU2,,Packing Material,Externally Procured Packing Material,Externally Procured Packing Material
"01966ca2-7ddd-7085-bc3d-0966f1ce7f5a-0195c683-86e1-76e0-94b9-ae4dfaa7f2e3-1234-749780","0195c683-86e1-76e0-94b9-ae4dfaa7f2e3","01966ca2-7ddd-7085-bc3d-0966f1ce7f5a",CypressTC2 – Streamer Test,"1234",2025-05-12 00:00:00.000,"749780",BKL 61186372NSC3004 2240 MG VIAL V1,BUILDING BLOCK,EU2,,Packing Material,Externally Procured Packing Material,Externally Procured Packing Material
"01966ca2-7ddd-7085-bc3d-0966f1ce7f5a-0195c683-86e6-7fce-ae41-408bcaccd7d8-1234-725417","0195c683-86e6-7fce-ae41-408bcaccd7d8","01966ca2-7ddd-7085-bc3d-0966f1ce7f5a",CypressTC2 – Streamer Test,"1234",2025-05-12 00:00:00.000,"725417",BKL 61186372NSC1003 350MG BOX V2,BUILDING BLOCK,EU2,,Packing Material,Externally Procured Packing Material,Externally Procured Packing Material
"01966ca2-7ddd-7085-bc3d-0966f1ce7f5a-0195c683-86f8-735d-aac5-d0f21b5c28c5-1234-751228","0195c683-86f8-735d-aac5-d0f21b5c28c5","01966ca2-7ddd-7085-bc3d-0966f1ce7f5a",CypressTC2 – Streamer Test,"1234",2025-05-12 00:00:00.000,"751228",BKL 61186372NSC3004 2240 MG BOX V2,BUILDING BLOCK,EU2,,Packing Material,Externally Procured Packing Material,Externally Procured Packing Material
"01966ca2-7ddd-7085-bc3d-0966f1ce7f5a-0195c683-870a-73cb-92b5-a5b311c7bb35-1234-753683","0195c683-870a-73cb-92b5-a5b311c7bb35","01966ca2-7ddd-7085-bc3d-0966f1ce7f5a",CypressTC2 – Streamer Test,"1234",2025-05-12 00:00:00.000,"753683",BKL 61186372GIC2002 FLUO 50 MG/ML V/B V1,BUILDING BLOCK,EU2,,Packing Material,Externally Procured Packing Material,Externally Procured Packing Material
"01966ca2-7ddd-7085-bc3d-0966f1ce7f5a-0195c683-870d-79fe-8905-11d61c152179-1234-752428","0195c683-870d-79fe-8905-11d61c152179","01966ca2-7ddd-7085-bc3d-0966f1ce7f5a",CypressTC2 – Streamer Test,"1234",2025-05-12 00:00:00.000,"752428",BKL 61186372NSC2005 DEXA 4 MG DP V1,BUILDING BLOCK,EU2,,Packing Material,Externally Procured Packing Material,Externally Procured Packing Material
"01966ca2-7ddd-7085-bc3d-0966f1ce7f5a-0195c683-871c-7d17-afd0-c71622d58da3-1234-753020","0195c683-871c-7d17-afd0-c71622d58da3","01966ca2-7ddd-7085-bc3d-0966f1ce7f5a",CypressTC2 – Streamer Test,"1234",2025-05-12 00:00:00.000,"753020",BKL 61186372NSC2002 160MG/ML 10ML V V1,BUILDING BLOCK,EU2,,Packing Material,Externally Procured Packing Material,Externally Procured Packing Material
"01966ca2-7ddd-7085-bc3d-0966f1ce7f5a-0195c683-871e-74e1-b82b-c3e6bcbe995f-1234-753182","0195c683-871e-74e1-b82b-c3e6bcbe995f","01966ca2-7ddd-7085-bc3d-0966f1ce7f5a",CypressTC2 – Streamer Test,"1234",2025-05-12 00:00:00.000,"753182",BKL 61186372NSC2002 160MG/ML 14ML V V1,BUILDING BLOCK,EU2,,Packing Material,Externally Procured Packing Material,Externally Procured Packing Material
"01966ca2-7ddd-7085-bc3d-0966f1ce7f5a-0195c683-871e-7861-baf5-ef02a959fd18-1234-752918","0195c683-871e-7861-baf5-ef02a959fd18","01966ca2-7ddd-7085-bc3d-0966f1ce7f5a",CypressTC2 – Streamer Test,"1234",2025-05-12 00:00:00.000,"752918",BKL 61186372NSC2005 350MG VIAL V2,BUILDING BLOCK,EU2,,Packing Material,Externally Procured Packing Material,Externally Procured Packing Material
"01966ca2-7ddd-7085-bc3d-0966f1ce7f5a-0195c683-872f-7289-98d8-b12886267b8c-1234-756281","0195c683-872f-7289-98d8-b12886267b8c","01966ca2-7ddd-7085-bc3d-0966f1ce7f5a",CypressTC2 – Streamer Test,"1234",2025-05-12 00:00:00.000,"756281",BKL 61186372PANSC2002 350MG 50MG/ML V V1,BUILDING BLOCK,EU2,,Packing Material,Externally Procured Packing Material,Externally Procured Packing Material
"01966ca2-7ddd-7085-bc3d-0966f1ce7f5a-0195c683-873c-7858-8a2c-deb03d37fb2d-1234-725416","0195c683-873c-7858-8a2c-deb03d37fb2d","01966ca2-7ddd-7085-bc3d-0966f1ce7f5a",CypressTC2 – Streamer Test,"1234",2025-05-12 00:00:00.000,"725416",BKL 61186372NSC1003 350MG VIAL V2,BUILDING BLOCK,EU2,,Packing Material,Externally Procured Packing Material,Externally Procured Packing Material
"01966ca2-7ddd-7085-bc3d-0966f1ce7f5a-0195c683-8758-741f-9bd6-8cac27631f43-1234-753685","0195c683-8758-741f-9bd6-8cac27631f43","01966ca2-7ddd-7085-bc3d-0966f1ce7f5a",CypressTC2 – Streamer Test,"1234",2025-05-12 00:00:00.000,"753685",BKL 61186372GIC2002 IRINO 20 MG/ML V V1,BUILDING BLOCK,EU2,,Packing Material,Externally Procured Packing Material,Externally Procured Packing Material
"01966ca2-7ddd-7085-bc3d-0966f1ce7f5a-0195c683-875f-74cd-9004-1aed1816a369-1234-697843","0195c683-875f-74cd-9004-1aed1816a369","01966ca2-7ddd-7085-bc3d-0966f1ce7f5a",CypressTC2 – Streamer Test,"1234",2025-05-12 00:00:00.000,"697843",BKL 73841937NSC1001 61186372 350MG B V1,BUILDING BLOCK,EU2,,Packing Material,Externally Procured Packing Material,Externally Procured Packing Material
"01966ca2-7ddd-7085-bc3d-0966f1ce7f5a-0195c683-8768-71c2-b4c7-1359da00609d-1234-747973","0195c683-8768-71c2-b4c7-1359da00609d","01966ca2-7ddd-7085-bc3d-0966f1ce7f5a",CypressTC2 – Streamer Test,"1234",2025-05-12 00:00:00.000,"747973",BKL 61186372NSC2005 350MG VIAL V1,BUILDING BLOCK,EU2,,Packing Material,Externally Procured Packing Material,Externally Procured Packing Material
"01966ca2-7ddd-7085-bc3d-0966f1ce7f5a-0195c683-8770-72e6-960e-9b1cd257608b-1234-759741","0195c683-8770-72e6-960e-9b1cd257608b","01966ca2-7ddd-7085-bc3d-0966f1ce7f5a",CypressTC2 – Streamer Test,"1234",2025-05-12 00:00:00.000,"759741",BKL 61186372NSC2005 73841937 93CT BTL V2,BUILDING BLOCK,EU2,,Packing Material,Externally Procured Packing Material,Externally Procured Packing Material
"01966ca2-7ddd-7085-bc3d-0966f1ce7f5a-0195c683-877e-7910-ab55-3dd64dfedae2-1234-765994","0195c683-877e-7910-ab55-3dd64dfedae2","01966ca2-7ddd-7085-bc3d-0966f1ce7f5a",CypressTC2 – Streamer Test,"1234",2025-05-12 00:00:00.000,"765994",BKL 61186372NSC2007 DOXY 100 MG DP V1,BUILDING BLOCK,EU2,,Packing Material,Externally Procured Packing Material,Externally Procured Packing Material
"01966ca2-7ddd-7085-bc3d-0966f1ce7f5a-0195c683-8796-77ae-8986-39da92ca35bb-1234-753891","0195c683-8796-77ae-8986-39da92ca35bb","01966ca2-7ddd-7085-bc3d-0966f1ce7f5a",CypressTC2 – Streamer Test,"1234",2025-05-12 00:00:00.000,"753891",BKL 61186372NSC3005 2240MG 14ML BOX V1,BUILDING BLOCK,EU2,,Packing Material,Externally Procured Packing Material,Externally Procured Packing Material
"01966ca2-7ddd-7085-bc3d-0966f1ce7f5a-0195c683-87aa-7f1e-bbf3-789b7471b89e-1234-753687","0195c683-87aa-7f1e-bbf3-789b7471b89e","01966ca2-7ddd-7085-bc3d-0966f1ce7f5a",CypressTC2 – Streamer Test,"1234",2025-05-12 00:00:00.000,"753687",BKL 61186372GIC2002 IRINO 20 MG/ML B V1,BUILDING BLOCK,EU2,,Packing Material,Externally Procured Packing Material,Externally Procured Packing Material
"01966ca2-7ddd-7085-bc3d-0966f1ce7f5a-0195c683-87bc-73ae-8d4b-ccc400ffeb0e-1234-753232","0195c683-87bc-73ae-8d4b-ccc400ffeb0e","01966ca2-7ddd-7085-bc3d-0966f1ce7f5a",CypressTC2 – Streamer Test,"1234",2025-05-12 00:00:00.000,"753232",BKL 61186372PANSC2001 CAP 150 MG CON V1,BUILDING BLOCK,EU2,,Packing Material,Externally Procured Packing Material,Externally Procured Packing Material
"01966ca2-7ddd-7085-bc3d-0966f1ce7f5a-0195c683-87bf-7d70-afdd-cc581a076fe3-1234-752427","0195c683-87bf-7d70-afdd-cc581a076fe3","01966ca2-7ddd-7085-bc3d-0966f1ce7f5a",CypressTC2 – Streamer Test,"1234",2025-05-12 00:00:00.000,"752427",BKL 61186372PANSC2001 CAP 200 MG CON V1,BUILDING BLOCK,EU2,,Packing Material,Externally Procured Packing Material,Externally Procured Packing Material
"01966ca2-7ddd-7085-bc3d-0966f1ce7f5a-0195c683-87cd-7688-9a36-30d602227254-1234-753691","0195c683-87cd-7688-9a36-30d602227254","01966ca2-7ddd-7085-bc3d-0966f1ce7f5a",CypressTC2 – Streamer Test,"1234",2025-05-12 00:00:00.000,"753691",BKL 61186372GIC2002 OXALI 5 MG/ML B V1,BUILDING BLOCK,EU2,,Packing Material,Externally Procured Packing Material,Externally Procured Packing Material
"01966ca2-7ddd-7085-bc3d-0966f1ce7f5a-0195c683-87ce-727f-8796-8ab4ada20c76-1234-753689","0195c683-87ce-727f-8796-8ab4ada20c76","01966ca2-7ddd-7085-bc3d-0966f1ce7f5a",CypressTC2 – Streamer Test,"1234",2025-05-12 00:00:00.000,"753689",BKL 61186372GIC2002 OXALI 5 MG/ML V V1,BUILDING BLOCK,EU2,,Packing Material,Externally Procured Packing Material,Externally Procured Packing Material
"01966ca2-7ddd-7085-bc3d-0966f1ce7f5a-0195c683-87e3-7c7d-a6e9-83846fadada2-1234-752919","0195c683-87e3-7c7d-a6e9-83846fadada2","01966ca2-7ddd-7085-bc3d-0966f1ce7f5a",CypressTC2 – Streamer Test,"1234",2025-05-12 00:00:00.000,"752919",BKL 61186372EDI1001 73841937 93CT BTL V2,BUILDING BLOCK,EU2,,Packing Material,Externally Procured Packing Material,Externally Procured Packing Material
"01966ca2-7ddd-7085-bc3d-0966f1ce7f5a-0195c683-87e6-737f-bc08-ac00951d2cbd-1234-764598","0195c683-87e6-737f-bc08-ac00951d2cbd","01966ca2-7ddd-7085-bc3d-0966f1ce7f5a",CypressTC2 – Streamer Test,"1234",2025-05-12 00:00:00.000,"764598",BKL 61186372NSC3002 350MG BOX V2,BUILDING BLOCK,EU2,,Packing Material,Externally Procured Packing Material,Externally Procured Packing Material
"01966ca2-7ddd-7085-bc3d-0966f1ce7f5a-0195c683-87e7-7827-b15e-c840542b8454-1234-764595","0195c683-87e7-7827-b15e-c840542b8454","01966ca2-7ddd-7085-bc3d-0966f1ce7f5a",CypressTC2 – Streamer Test,"1234",2025-05-12 00:00:00.000,"764595",BKL 61186372NSC2002 160MG/ML 14ML B V2,BUILDING BLOCK,EU2,,Packing Material,Externally Procured Packing Material,Externally Procured Packing Material
"01966ca2-7ddd-7085-bc3d-0966f1ce7f5a-0195c683-87e7-7e9c-8ea2-5948f0918ce1-1234-765993","0195c683-87e7-7e9c-8ea2-5948f0918ce1","01966ca2-7ddd-7085-bc3d-0966f1ce7f5a",CypressTC2 – Streamer Test,"1234",2025-05-12 00:00:00.000,"765993",BKL 61186372NSC2007 MINO 100 MG DP V1,BUILDING BLOCK,EU2,,Packing Material,Externally Procured Packing Material,Externally Procured Packing Material
"01966ca2-7ddd-7085-bc3d-0966f1ce7f5a-0195c683-87eb-78ef-aae4-ce996cb15607-1234-749896","0195c683-87eb-78ef-aae4-ce996cb15607","01966ca2-7ddd-7085-bc3d-0966f1ce7f5a",CypressTC2 – Streamer Test,"1234",2025-05-12 00:00:00.000,"749896",BKL 61186372NSC3004 350MG VIAL V1,BUILDING BLOCK,EU2,,Packing Material,Externally Procured Packing Material,Externally Procured Packing Material
"01966ca2-7ddd-7085-bc3d-0966f1ce7f5a-0195c683-87eb-7a63-bfaf-bbd4aaf5c83e-1234-753231","0195c683-87eb-7a63-bfaf-bbd4aaf5c83e","01966ca2-7ddd-7085-bc3d-0966f1ce7f5a",CypressTC2 – Streamer Test,"1234",2025-05-12 00:00:00.000,"753231",BKL 61186372NSC3002 CARBO ACCORD V1,BUILDING BLOCK,EU2,,Packing Material,Externally Procured Packing Material,Externally Procured Packing Material
"01966ca2-7ddd-7085-bc3d-0966f1ce7f5a-0195c683-87eb-7bda-9b0a-1f1b544469de-1234-753183","0195c683-87eb-7bda-9b0a-1f1b544469de","01966ca2-7ddd-7085-bc3d-0966f1ce7f5a",CypressTC2 – Streamer Test,"1234",2025-05-12 00:00:00.000,"753183",BKL 61186372NSC2002 CARBO ACCORD V/B V1,BUILDING BLOCK,EU2,,Packing Material,Externally Procured Packing Material,Externally Procured Packing Material
"01966ca2-7ddd-7085-bc3d-0966f1ce7f5a-0195c683-87ff-7ba1-b7d1-32d95fa32472-1234-758227","0195c683-87ff-7ba1-b7d1-32d95fa32472","01966ca2-7ddd-7085-bc3d-0966f1ce7f5a",CypressTC2 – Streamer Test,"1234",2025-05-12 00:00:00.000,"758227",BKL 61186372GIC2002 RIBO 10 MG/ML V/B V3,BUILDING BLOCK,EU2,,Packing Material,Externally Procured Packing Material,Externally Procured Packing Material
"01966ca2-7ddd-7085-bc3d-0966f1ce7f5a-0195c683-8806-7025-a979-b45c7983a96f-1234-766913","0195c683-8806-7025-a979-b45c7983a96f","01966ca2-7ddd-7085-bc3d-0966f1ce7f5a",CypressTC2 – Streamer Test,"1234",2025-05-12 00:00:00.000,"766913",BKL 61186372NSC3004 1600 MG VIAL V2,BUILDING BLOCK,EU2,,Packing Material,Externally Procured Packing Material,Externally Procured Packing Material
"01966ca2-7ddd-7085-bc3d-0966f1ce7f5a-0195c683-8808-7065-bbce-658dd49da1fb-1234-759672","0195c683-8808-7065-bbce-658dd49da1fb","01966ca2-7ddd-7085-bc3d-0966f1ce7f5a",CypressTC2 – Streamer Test,"1234",2025-05-12 00:00:00.000,"759672",BKL 61186372NSC2005 DEXA 4 MG DP V2,BUILDING BLOCK,EU2,,Packing Material,Externally Procured Packing Material,Externally Procured Packing Material
"01966ca2-7ddd-7085-bc3d-0966f1ce7f5a-0195c683-8808-7601-a87c-15ad33607acc-1234-762899","0195c683-8808-7601-a87c-15ad33607acc","01966ca2-7ddd-7085-bc3d-0966f1ce7f5a",CypressTC2 – Streamer Test,"1234",2025-05-12 00:00:00.000,"762899",BKL 61186372NSC3004 1600 MG BOX V3,BUILDING BLOCK,EU2,,Packing Material,Externally Procured Packing Material,Externally Procured Packing Material
"01966ca2-7ddd-7085-bc3d-0966f1ce7f5a-0195c683-8809-75d6-96a0-8e98174fc030-1234-753892","0195c683-8809-75d6-96a0-8e98174fc030","01966ca2-7ddd-7085-bc3d-0966f1ce7f5a",CypressTC2 – Streamer Test,"1234",2025-05-12 00:00:00.000,"753892",BKL 61186372NSC3005 1600MG 10ML VIAL V1,BUILDING BLOCK,EU2,,Packing Material,Externally Procured Packing Material,Externally Procured Packing Material
"01966ca2-7ddd-7085-bc3d-0966f1ce7f5a-0195c683-8815-7fd8-b044-7a0842aeb1d7-1234-753760","0195c683-8815-7fd8-b044-7a0842aeb1d7","01966ca2-7ddd-7085-bc3d-0966f1ce7f5a",CypressTC2 – Streamer Test,"1234",2025-05-12 00:00:00.000,"753760",BKL 61186372NSC3005 2240MG 14ML VIAL V1,BUILDING BLOCK,EU2,,Packing Material,Externally Procured Packing Material,Externally Procured Packing Material
"01966ca2-7ddd-7085-bc3d-0966f1ce7f5a-0195c683-8816-7064-9a83-8074a4cc7687-1234-765838","0195c683-8816-7064-9a83-8074a4cc7687","01966ca2-7ddd-7085-bc3d-0966f1ce7f5a",CypressTC2 – Streamer Test,"1234",2025-05-12 00:00:00.000,"765838",BKL 61186372NSC2002 160MG/ML 10ML V V2,BUILDING BLOCK,EU2,,Packing Material,Externally Procured Packing Material,Externally Procured Packing Material
"01966ca2-7ddd-7085-bc3d-0966f1ce7f5a-0195c683-8816-7d09-9a45-6d9642dbea30-1234-765688","0195c683-8816-7d09-9a45-6d9642dbea30","01966ca2-7ddd-7085-bc3d-0966f1ce7f5a",CypressTC2 – Streamer Test,"1234",2025-05-12 00:00:00.000,"765688",BKL 61186372NSC2005 METHO 10MG BOX V1,BUILDING BLOCK,EU2,,Packing Material,Externally Procured Packing Material,Externally Procured Packing Material
"01966ca2-7ddd-7085-bc3d-0966f1ce7f5a-0195c683-8818-7e45-967c-b588dbd6e746-1234-759709","0195c683-8818-7e45-967c-b588dbd6e746","01966ca2-7ddd-7085-bc3d-0966f1ce7f5a",CypressTC2 – Streamer Test,"1234",2025-05-12 00:00:00.000,"759709",BKL 61186372NSC2005 350MG BOX V2,BUILDING BLOCK,EU2,,Packing Material,Externally Procured Packing Material,Externally Procured Packing Material
"01966ca2-7ddd-7085-bc3d-0966f1ce7f5a-0195c683-8832-7be6-9907-66a9ee84c1f6-1234-759775","0195c683-8832-7be6-9907-66a9ee84c1f6","01966ca2-7ddd-7085-bc3d-0966f1ce7f5a",CypressTC2 – Streamer Test,"1234",2025-05-12 00:00:00.000,"759775",BKL 61186372NSC1003 160 MG/ML 10 ML V V1,BUILDING BLOCK,EU2,,Packing Material,Externally Procured Packing Material,Externally Procured Packing Material
"01966ca2-7ddd-7085-bc3d-0966f1ce7f5a-0195c683-8843-799e-846c-c431e24eea68-1234-759697","0195c683-8843-799e-846c-c431e24eea68","01966ca2-7ddd-7085-bc3d-0966f1ce7f5a",CypressTC2 – Streamer Test,"1234",2025-05-12 00:00:00.000,"759697",BKL 61186372NSC2005 MONTELUKAST BTL V3,BUILDING BLOCK,EU2,,Packing Material,Externally Procured Packing Material,Externally Procured Packing Material
"01966ca2-7ddd-7085-bc3d-0966f1ce7f5a-0195c683-8843-7c13-bf4a-5e499411349a-1234-759695","0195c683-8843-7c13-bf4a-5e499411349a","01966ca2-7ddd-7085-bc3d-0966f1ce7f5a",CypressTC2 – Streamer Test,"1234",2025-05-12 00:00:00.000,"759695",BKL 61186372NSC2005 METHOTREXATE BOX V3,BUILDING BLOCK,EU2,,Packing Material,Externally Procured Packing Material,Externally Procured Packing Material
"01966ca2-7ddd-7085-bc3d-0966f1ce7f5a-0195c683-8843-7f83-b1c8-30c977d82bc4-1234-756545","0195c683-8843-7f83-b1c8-30c977d82bc4","01966ca2-7ddd-7085-bc3d-0966f1ce7f5a",CypressTC2 – Streamer Test,"1234",2025-05-12 00:00:00.000,"756545",BKL 61186372NSC2005 MONTELUKAST BTL V2,BUILDING BLOCK,EU2,,Packing Material,Externally Procured Packing Material,Externally Procured Packing Material
"01966ca2-7ddd-7085-bc3d-0966f1ce7f5a-0195c683-8856-7611-9f4c-ef4a7720ce70-1234-752444","0195c683-8856-7611-9f4c-ef4a7720ce70","01966ca2-7ddd-7085-bc3d-0966f1ce7f5a",CypressTC2 – Streamer Test,"1234",2025-05-12 00:00:00.000,"752444",BKL 61186372PANSC2001 350MG VIAL V1,BUILDING BLOCK,EU2,,Packing Material,Externally Procured Packing Material,Externally Procured Packing Material
"01966ca2-7ddd-7085-bc3d-0966f1ce7f5a-0195c683-885b-7587-b108-ab8675236788-1234-764594","0195c683-885b-7587-b108-ab8675236788","01966ca2-7ddd-7085-bc3d-0966f1ce7f5a",CypressTC2 – Streamer Test,"1234",2025-05-12 00:00:00.000,"764594",BKL 61186372NSC2007 350MG V V1,BUILDING BLOCK,EU2,,Packing Material,Externally Procured Packing Material,Externally Procured Packing Material
"01966ca2-7ddd-7085-bc3d-0966f1ce7f5a-0195c683-885c-7237-8afd-2ba701539211-1234-753019","0195c683-885c-7237-8afd-2ba701539211","01966ca2-7ddd-7085-bc3d-0966f1ce7f5a",CypressTC2 – Streamer Test,"1234",2025-05-12 00:00:00.000,"753019",BKL 61186372NSC2002 160MG/ML 10ML B V1,BUILDING BLOCK,EU2,,Packing Material,Externally Procured Packing Material,Externally Procured Packing Material
"01966ca2-7ddd-7085-bc3d-0966f1ce7f5a-0195c683-885c-7348-a18b-64a786fd16f2-1234-753181","0195c683-885c-7348-a18b-64a786fd16f2","01966ca2-7ddd-7085-bc3d-0966f1ce7f5a",CypressTC2 – Streamer Test,"1234",2025-05-12 00:00:00.000,"753181",BKL 61186372NSC2002 160MG/ML 14ML B V1,BUILDING BLOCK,EU2,,Packing Material,Externally Procured Packing Material,Externally Procured Packing Material
"01966ca2-7ddd-7085-bc3d-0966f1ce7f5a-0195c683-885c-73c8-bf0a-c8b135b74ceb-1234-765687","0195c683-885c-73c8-bf0a-c8b135b74ceb","01966ca2-7ddd-7085-bc3d-0966f1ce7f5a",CypressTC2 – Streamer Test,"1234",2025-05-12 00:00:00.000,"765687",BKL 61186372NSC2005 METHO 10MG VIAL V1,BUILDING BLOCK,EU2,,Packing Material,Externally Procured Packing Material,Externally Procured Packing Material
"01966ca2-7ddd-7085-bc3d-0966f1ce7f5a-0195c683-885c-75ca-be13-08645ea5d2f1-1234-752996","0195c683-885c-75ca-be13-08645ea5d2f1","01966ca2-7ddd-7085-bc3d-0966f1ce7f5a",CypressTC2 – Streamer Test,"1234",2025-05-12 00:00:00.000,"752996",BKL 61186372NSC3002 LAZERTINIB 72CT V2,BUILDING BLOCK,EU2,,Packing Material,Externally Procured Packing Material,Externally Procured Packing Material
"01966ca2-7ddd-7085-bc3d-0966f1ce7f5a-0195c683-885d-739c-9693-fd5a902f377d-1234-753159","0195c683-885d-739c-9693-fd5a902f377d","01966ca2-7ddd-7085-bc3d-0966f1ce7f5a",CypressTC2 – Streamer Test,"1234",2025-05-12 00:00:00.000,"753159",BKL 61186372NSC3001 CARBO ACCORD V1,BUILDING BLOCK,EU2,,Packing Material,Externally Procured Packing Material,Externally Procured Packing Material
"01966ca2-7ddd-7085-bc3d-0966f1ce7f5a-0195c683-886a-7e63-b087-372d53bc01da-1234-765836","0195c683-886a-7e63-b087-372d53bc01da","01966ca2-7ddd-7085-bc3d-0966f1ce7f5a",CypressTC2 – Streamer Test,"1234",2025-05-12 00:00:00.000,"765836",BKL 61186372NSC3001 350MG V V2,BUILDING BLOCK,EU2,,Packing Material,Externally Procured Packing Material,Externally Procured Packing Material
"01966ca2-7ddd-7085-bc3d-0966f1ce7f5a-0195c683-886a-7e7c-a047-b88fca8bbb71-1234-765839","0195c683-886a-7e7c-a047-b88fca8bbb71","01966ca2-7ddd-7085-bc3d-0966f1ce7f5a",CypressTC2 – Streamer Test,"1234",2025-05-12 00:00:00.000,"765839",BKL 61186372NSC2002 160MG/ML 14ML V V2,BUILDING BLOCK,EU2,,Packing Material,Externally Procured Packing Material,Externally Procured Packing Material
"01966ca2-7ddd-7085-bc3d-0966f1ce7f5a-0195c683-887d-7949-83a4-4f8c1ca5fe7a-1234-753759","0195c683-887d-7949-83a4-4f8c1ca5fe7a","01966ca2-7ddd-7085-bc3d-0966f1ce7f5a",CypressTC2 – Streamer Test,"1234",2025-05-12 00:00:00.000,"753759",BKL 61186372NSC3005 LAZERT 93CT BTL V1,BUILDING BLOCK,EU2,,Packing Material,Externally Procured Packing Material,Externally Procured Packing Material
"01966ca2-7ddd-7085-bc3d-0966f1ce7f5a-0195c683-8880-7694-8f7d-7dd915f85766-1234-752442","0195c683-8880-7694-8f7d-7dd915f85766","01966ca2-7ddd-7085-bc3d-0966f1ce7f5a",CypressTC2 – Streamer Test,"1234",2025-05-12 00:00:00.000,"752442",BKL 61186372NSC1003 73841937 93CT BTL V2,BUILDING BLOCK,EU2,,Packing Material,Externally Procured Packing Material,Externally Procured Packing Material
"01966ca2-7ddd-7085-bc3d-0966f1ce7f5a-0195c683-8881-7137-8317-c888417f7fee-1234-749895","0195c683-8881-7137-8317-c888417f7fee","01966ca2-7ddd-7085-bc3d-0966f1ce7f5a",CypressTC2 – Streamer Test,"1234",2025-05-12 00:00:00.000,"749895",BKL 61186372NSC3004 350MG BOX V1,BUILDING BLOCK,EU2,,Packing Material,Externally Procured Packing Material,Externally Procured Packing Material
"01966ca2-7ddd-7085-bc3d-0966f1ce7f5a-0195c683-8883-7b61-b647-80b3b1ad5a96-1234-757921","0195c683-8883-7b61-b647-80b3b1ad5a96","01966ca2-7ddd-7085-bc3d-0966f1ce7f5a",CypressTC2 – Streamer Test,"1234",2025-05-12 00:00:00.000,"757921",NIMP61186372NSC2002CARBO100MG BB2J2036,BUILDING BLOCK,EU2,,Packing Material,Externally Procured Packing Material,Externally Procured Packing Material
"01966ca2-7ddd-7085-bc3d-0966f1ce7f5a-0195c683-888d-7b39-9c81-cd388593fc33-1234-753893","0195c683-888d-7b39-9c81-cd388593fc33","01966ca2-7ddd-7085-bc3d-0966f1ce7f5a",CypressTC2 – Streamer Test,"1234",2025-05-12 00:00:00.000,"753893",BKL 61186372NSC3005 1600MG 10ML BOX V1,BUILDING BLOCK,EU2,,Packing Material,Externally Procured Packing Material,Externally Procured Packing Material
"01966ca2-7ddd-7085-bc3d-0966f1ce7f5a-0195c683-8893-77f9-9bea-f2929f7e8c2d-1234-765833","0195c683-8893-77f9-9bea-f2929f7e8c2d","01966ca2-7ddd-7085-bc3d-0966f1ce7f5a",CypressTC2 – Streamer Test,"1234",2025-05-12 00:00:00.000,"765833",BKL 73841937NSC1001 61186372 350MG V V3,BUILDING BLOCK,EU2,,Packing Material,Externally Procured Packing Material,Externally Procured Packing Material
"01966ca2-7ddd-7085-bc3d-0966f1ce7f5a-0195c683-8899-77d7-a5aa-d2506bae0598-1234-764593","0195c683-8899-77d7-a5aa-d2506bae0598","01966ca2-7ddd-7085-bc3d-0966f1ce7f5a",CypressTC2 – Streamer Test,"1234",2025-05-12 00:00:00.000,"764593",BKL 61186372NSC2007 350MG B V1,BUILDING BLOCK,EU2,,Packing Material,Externally Procured Packing Material,Externally Procured Packing Material
"01966ca2-7ddd-7085-bc3d-0966f1ce7f5a-0195c683-8899-781b-b7f7-f9ccd93c02b8-1234-764597","0195c683-8899-781b-b7f7-f9ccd93c02b8","01966ca2-7ddd-7085-bc3d-0966f1ce7f5a",CypressTC2 – Streamer Test,"1234",2025-05-12 00:00:00.000,"764597",BKL 61186372NSC3001 350MG B V2,BUILDING BLOCK,EU2,,Packing Material,Externally Procured Packing Material,Externally Procured Packing Material
"01966ca2-7ddd-7085-bc3d-0966f1ce7f5a-0195c683-889a-7a0b-a3a0-48af93510109-1234-752443","0195c683-889a-7a0b-a3a0-48af93510109","01966ca2-7ddd-7085-bc3d-0966f1ce7f5a",CypressTC2 – Streamer Test,"1234",2025-05-12 00:00:00.000,"752443",BKL 61186372PANSC2001 350MG BOX V1,BUILDING BLOCK,EU2,,Packing Material,Externally Procured Packing Material,Externally Procured Packing Material
"01966ca2-7ddd-7085-bc3d-0966f1ce7f5a-0195c683-889e-79c8-a400-d502dfb88697-1234-766022","0195c683-889e-79c8-a400-d502dfb88697","01966ca2-7ddd-7085-bc3d-0966f1ce7f5a",CypressTC2 – Streamer Test,"1234",2025-05-12 00:00:00.000,"766022",BKL 61186372NSC2002 CARBO PFIZER V/B V2,BUILDING BLOCK,EU2,,Packing Material,Externally Procured Packing Material,Externally Procured Packing Material
"01966ca2-7ddd-7085-bc3d-0966f1ce7f5a-0195c683-88a2-7926-9707-9b1dceb37876-1234-756551","0195c683-88a2-7926-9707-9b1dceb37876","01966ca2-7ddd-7085-bc3d-0966f1ce7f5a",CypressTC2 – Streamer Test,"1234",2025-05-12 00:00:00.000,"756551",BKL 61186372NSC3005 1600MG 10ML BOX V2,BUILDING BLOCK,EU2,,Packing Material,Externally Procured Packing Material,Externally Procured Packing Material
"01966ca2-7ddd-7085-bc3d-0966f1ce7f5a-0195c683-88a2-7945-85ec-409a256d4507-1234-756553","0195c683-88a2-7945-85ec-409a256d4507","01966ca2-7ddd-7085-bc3d-0966f1ce7f5a",CypressTC2 – Streamer Test,"1234",2025-05-12 00:00:00.000,"756553",BKL 61186372NSC3005 OSI 40MG DP V2,BUILDING BLOCK,EU2,,Packing Material,Externally Procured Packing Material,Externally Procured Packing Material
"01966ca2-7ddd-7085-bc3d-0966f1ce7f5a-0195c683-88a2-7f01-8a82-f6ceecc2a0f9-1234-756555","0195c683-88a2-7f01-8a82-f6ceecc2a0f9","01966ca2-7ddd-7085-bc3d-0966f1ce7f5a",CypressTC2 – Streamer Test,"1234",2025-05-12 00:00:00.000,"756555",BKL 61186372NSC3005 2240MG 14ML BOX V2,BUILDING BLOCK,EU2,,Packing Material,Externally Procured Packing Material,Externally Procured Packing Material
"01966ca2-7ddd-7085-bc3d-0966f1ce7f5a-0195c683-88a5-7448-b3cc-81cfdbff916e-1234-765995","0195c683-88a5-7448-b3cc-81cfdbff916e","01966ca2-7ddd-7085-bc3d-0966f1ce7f5a",CypressTC2 – Streamer Test,"1234",2025-05-12 00:00:00.000,"765995",BKL 61186372NSC2007 CLINDA 1% BT/B V1,BUILDING BLOCK,EU2,,Packing Material,Externally Procured Packing Material,Externally Procured Packing Material
"01966ca2-7ddd-7085-bc3d-0966f1ce7f5a-0195c683-88a6-755f-964e-fa037fc1382c-1234-753016","0195c683-88a6-755f-964e-fa037fc1382c","01966ca2-7ddd-7085-bc3d-0966f1ce7f5a",CypressTC2 – Streamer Test,"1234",2025-05-12 00:00:00.000,"753016",BKL 61186372NSC2002 CARBO PFIZER V/B V1,BUILDING BLOCK,EU2,,Packing Material,Externally Procured Packing Material,Externally Procured Packing Material
"01966ca2-7ddd-7085-bc3d-0966f1ce7f5a-0195c683-88a9-7cde-af87-3431e35e7332-1234-759664","0195c683-88a9-7cde-af87-3431e35e7332","01966ca2-7ddd-7085-bc3d-0966f1ce7f5a",CypressTC2 – Streamer Test,"1234",2025-05-12 00:00:00.000,"759664",NIMP61186372NSC3002PEME216978D,BUILDING BLOCK,EU2,,Packing Material,Externally Procured Packing Material,Externally Procured Packing Material
"01966ca2-7ddd-7085-bc3d-0966f1ce7f5a-0195c683-88b1-7f8e-933c-85de9f807d90-1234-762786","0195c683-88b1-7f8e-933c-85de9f807d90","01966ca2-7ddd-7085-bc3d-0966f1ce7f5a",CypressTC2 – Streamer Test,"1234",2025-05-12 00:00:00.000,"762786",NIMP 61186372GIC2002 IRINOTECAN 254718,BUILDING BLOCK,EU2,,Packing Material,Externally Procured Packing Material,Externally Procured Packing Material
"01966ca2-7ddd-7085-bc3d-0966f1ce7f5a-0195c683-88b2-7343-9a46-0e33bf4e6d56-1234-766911","0195c683-88b2-7343-9a46-0e33bf4e6d56","01966ca2-7ddd-7085-bc3d-0966f1ce7f5a",CypressTC2 – Streamer Test,"1234",2025-05-12 00:00:00.000,"766911",BKL 61186372EDI1001 350 MG V V1,BUILDING BLOCK,EU2,,Packing Material,Externally Procured Packing Material,Externally Procured Packing Material
"01966ca2-7ddd-7085-bc3d-0966f1ce7f5a-0195c683-88b4-73c8-8db4-e336a83370ee-1234-754476","0195c683-88b4-73c8-8db4-e336a83370ee","01966ca2-7ddd-7085-bc3d-0966f1ce7f5a",CypressTC2 – Streamer Test,"1234",2025-05-12 00:00:00.000,"754476",BKL 61186372GIC2002 RIBO 10 MG/ML V/B V2,BUILDING BLOCK,EU2,,Packing Material,Externally Procured Packing Material,Externally Procured Packing Material
"01966ca2-7ddd-7085-bc3d-0966f1ce7f5a-0195c683-88b6-79dc-85ba-de1f7f485334-1234-764596","0195c683-88b6-79dc-85ba-de1f7f485334","01966ca2-7ddd-7085-bc3d-0966f1ce7f5a",CypressTC2 – Streamer Test,"1234",2025-05-12 00:00:00.000,"764596",BKL 61186372NSC2002 160MG/ML 10ML B V2,BUILDING BLOCK,EU2,,Packing Material,Externally Procured Packing Material,Externally Procured Packing Material
"01966ca2-7ddd-7085-bc3d-0966f1ce7f5a-0195c683-88b7-7578-b953-75fc24592bda-1234-757922","0195c683-88b7-7578-b953-75fc24592bda","01966ca2-7ddd-7085-bc3d-0966f1ce7f5a",CypressTC2 – Streamer Test,"1234",2025-05-12 00:00:00.000,"757922",NIMP61186372NSC2002PEME500MG 216976A,BUILDING BLOCK,EU2,,Packing Material,Externally Procured Packing Material,Externally Procured Packing Material
"01966ca2-7ddd-7085-bc3d-0966f1ce7f5a-0195c683-88b7-75e1-8b92-c745126ec2b2-1234-757729","0195c683-88b7-75e1-8b92-c745126ec2b2","01966ca2-7ddd-7085-bc3d-0966f1ce7f5a",CypressTC2 – Streamer Test,"1234",2025-05-12 00:00:00.000,"757729",NIMP61186372NSC3002 CHN CARBO BB2J2036,BUILDING BLOCK,EU2,,Packing Material,Externally Procured Packing Material,Externally Procured Packing Material
"01966ca2-7ddd-7085-bc3d-0966f1ce7f5a-0195c683-88b7-79b7-89fc-d260e2bc568d-1234-757726","0195c683-88b7-79b7-89fc-d260e2bc568d","01966ca2-7ddd-7085-bc3d-0966f1ce7f5a",CypressTC2 – Streamer Test,"1234",2025-05-12 00:00:00.000,"757726",NIMP61186372NSC3002 CHN CARBO BB2J2015,BUILDING BLOCK,EU2,,Packing Material,Externally Procured Packing Material,Externally Procured Packing Material
"01966ca2-7ddd-7085-bc3d-0966f1ce7f5a-0195c683-88b9-7f9c-a999-7db5c7aead38-1234-756544","0195c683-88b9-7f9c-a999-7db5c7aead38","01966ca2-7ddd-7085-bc3d-0966f1ce7f5a",CypressTC2 – Streamer Test,"1234",2025-05-12 00:00:00.000,"756544",BKL 61186372NSC2005 METHOTREXATE BOX V2,BUILDING BLOCK,EU2,,Packing Material,Externally Procured Packing Material,Externally Procured Packing Material
"01966ca2-7ddd-7085-bc3d-0966f1ce7f5a-0195c683-88c4-7316-be1e-20ea94fbd8fe-1234-767904","0195c683-88c4-7316-be1e-20ea94fbd8fe","01966ca2-7ddd-7085-bc3d-0966f1ce7f5a",CypressTC2 – Streamer Test,"1234",2025-05-12 00:00:00.000,"767904",BKL 61186372PANSC2002 CETR 360 MG V/B V1,BUILDING BLOCK,EU2,,Packing Material,Externally Procured Packing Material,Externally Procured Packing Material
"01966ca2-7ddd-7085-bc3d-0966f1ce7f5a-0195c683-88ca-73ab-b017-39a551a67259-1234-764599","0195c683-88ca-73ab-b017-39a551a67259","01966ca2-7ddd-7085-bc3d-0966f1ce7f5a",CypressTC2 – Streamer Test,"1234",2025-05-12 00:00:00.000,"764599",BKL 61186372NSC3002 LAZERTINIB 72CT V3,BUILDING BLOCK,EU2,,Packing Material,Externally Procured Packing Material,Externally Procured Packing Material
"01966ca2-7ddd-7085-bc3d-0966f1ce7f5a-0195c683-88d2-78cb-ac15-00e7b69bedb9-1234-766442","0195c683-88d2-78cb-ac15-00e7b69bedb9","01966ca2-7ddd-7085-bc3d-0966f1ce7f5a",CypressTC2 – Streamer Test,"1234",2025-05-12 00:00:00.000,"766442",BKL NSC3003 61186372_350MG OL BOX V2,BUILDING BLOCK,EU2,,Packing Material,Externally Procured Packing Material,Externally Procured Packing Material
"01966ca2-7ddd-7085-bc3d-0966f1ce7f5a-0195c683-88dc-7f0b-8b3f-189ccf689861-1234-772822","0195c683-88dc-7f0b-8b3f-189ccf689861","01966ca2-7ddd-7085-bc3d-0966f1ce7f5a",CypressTC2 – Streamer Test,"1234",2025-05-12 00:00:00.000,"772822",BKL 61186372NSC2007 CHLOR 4.0% BT/B V2,BUILDING BLOCK,EU2,,Packing Material,Externally Procured Packing Material,Externally Procured Packing Material
"01966ca2-7ddd-7085-bc3d-0966f1ce7f5a-0195c683-88dd-7c11-91a0-6f9083200f2c-1234-767772","0195c683-88dd-7c11-91a0-6f9083200f2c","01966ca2-7ddd-7085-bc3d-0966f1ce7f5a",CypressTC2 – Streamer Test,"1234",2025-05-12 00:00:00.000,"767772",BKL 61186372HNC2002 ACT 2240MG B V1,BUILDING BLOCK,EU2,,Packing Material,Externally Procured Packing Material,Externally Procured Packing Material
"01966ca2-7ddd-7085-bc3d-0966f1ce7f5a-0195c683-88de-749a-b6e1-50e6bf6b4dee-1234-769689","0195c683-88de-749a-b6e1-50e6bf6b4dee","01966ca2-7ddd-7085-bc3d-0966f1ce7f5a",CypressTC2 – Streamer Test,"1234",2025-05-12 00:00:00.000,"769689",BKL 61186372PANSC2003 350MG 50MG/ML V V1,BUILDING BLOCK,EU2,,Packing Material,Externally Procured Packing Material,Externally Procured Packing Material
"01966ca2-7ddd-7085-bc3d-0966f1ce7f5a-0195c683-88de-7d3c-8bec-81b7e62661c4-1234-772512","0195c683-88de-7d3c-8bec-81b7e62661c4","01966ca2-7ddd-7085-bc3d-0966f1ce7f5a",CypressTC2 – Streamer Test,"1234",2025-05-12 00:00:00.000,"772512",BKL NSC3003 61186372_350MG OL VIAL V2,BUILDING BLOCK,EU2,,Packing Material,Externally Procured Packing Material,Externally Procured Packing Material
"01966ca2-7ddd-7085-bc3d-0966f1ce7f5a-0195c683-88e6-7ce9-b2b3-1b9e9c33f6a1-1234-765835","0195c683-88e6-7ce9-b2b3-1b9e9c33f6a1","01966ca2-7ddd-7085-bc3d-0966f1ce7f5a",CypressTC2 – Streamer Test,"1234",2025-05-12 00:00:00.000,"765835",BKL 61186372NSC3002 350MG VIAL V2,BUILDING BLOCK,EU2,,Packing Material,Externally Procured Packing Material,Externally Procured Packing Material
"01966ca2-7ddd-7085-bc3d-0966f1ce7f5a-0195c683-88f4-7354-aa2f-ac1a7767d411-1234-773676","0195c683-88f4-7354-aa2f-ac1a7767d411","01966ca2-7ddd-7085-bc3d-0966f1ce7f5a",CypressTC2 – Streamer Test,"1234",2025-05-12 00:00:00.000,"773676",BKL 61186372NSC3001 PEMETREXED V/B V3,BUILDING BLOCK,EU2,,Packing Material,Externally Procured Packing Material,Externally Procured Packing Material
"01966ca2-7ddd-7085-bc3d-0966f1ce7f5a-0195c683-890b-71cf-9804-cc8448cdf5ac-1234-773897","0195c683-890b-71cf-9804-cc8448cdf5ac","01966ca2-7ddd-7085-bc3d-0966f1ce7f5a",CypressTC2 – Streamer Test,"1234",2025-05-12 00:00:00.000,"773897",BKL 61186372NSC3002 350MG BOX V3,BUILDING BLOCK,EU2,,Packing Material,Externally Procured Packing Material,Externally Procured Packing Material
"01966ca2-7ddd-7085-bc3d-0966f1ce7f5a-0195c683-8912-7d0b-be1d-9dff65f20ea9-1234-770943","0195c683-8912-7d0b-be1d-9dff65f20ea9","01966ca2-7ddd-7085-bc3d-0966f1ce7f5a",CypressTC2 – Streamer Test,"1234",2025-05-12 00:00:00.000,"770943",BKL 61186372PANSC2003 DOCE 80 MG/ML V V1,BUILDING BLOCK,EU2,,Packing Material,Externally Procured Packing Material,Externally Procured Packing Material
"01966ca2-7ddd-7085-bc3d-0966f1ce7f5a-0195c683-892f-7550-b56a-d94b123dfdb6-1234-776280","0195c683-892f-7550-b56a-d94b123dfdb6","01966ca2-7ddd-7085-bc3d-0966f1ce7f5a",CypressTC2 – Streamer Test,"1234",2025-05-12 00:00:00.000,"776280",BKL 61186372COR3001 ACT 1600MG V/B V2,BUILDING BLOCK,EU2,,Packing Material,Externally Procured Packing Material,Externally Procured Packing Material
"01966ca2-7ddd-7085-bc3d-0966f1ce7f5a-0195c683-8937-77a2-9214-58f09debef6b-1234-772586","0195c683-8937-77a2-9214-58f09debef6b","01966ca2-7ddd-7085-bc3d-0966f1ce7f5a",CypressTC2 – Streamer Test,"1234",2025-05-12 00:00:00.000,"772586",BKL 61186372PANSC2001 350MG BOX V3,BUILDING BLOCK,EU2,,Packing Material,Externally Procured Packing Material,Externally Procured Packing Material
"01966ca2-7ddd-7085-bc3d-0966f1ce7f5a-0195c683-8943-7f94-907a-9cb3144de1ab-1234-770945","0195c683-8943-7f94-907a-9cb3144de1ab","01966ca2-7ddd-7085-bc3d-0966f1ce7f5a",CypressTC2 – Streamer Test,"1234",2025-05-12 00:00:00.000,"770945",BKL 61186372PANSC2003 DOCE 80 MG/ML B V1,BUILDING BLOCK,EU2,,Packing Material,Externally Procured Packing Material,Externally Procured Packing Material
"01966ca2-7ddd-7085-bc3d-0966f1ce7f5a-0195c683-895d-7c5c-824d-faac7808f52f-1234-765992","0195c683-895d-7c5c-824d-faac7808f52f","01966ca2-7ddd-7085-bc3d-0966f1ce7f5a",CypressTC2 – Streamer Test,"1234",2025-05-12 00:00:00.000,"765992",BKL 61186372NSC2007 CHLOR 4.0% BT/B V1,BUILDING BLOCK,EU2,,Packing Material,Externally Procured Packing Material,Externally Procured Packing Material
"01966ca2-7ddd-7085-bc3d-0966f1ce7f5a-0195c683-8960-7685-8b61-e6b3ac0b58dc-1234-773625","0195c683-8960-7685-8b61-e6b3ac0b58dc","01966ca2-7ddd-7085-bc3d-0966f1ce7f5a",CypressTC2 – Streamer Test,"1234",2025-05-12 00:00:00.000,"773625",BKL 61186372NSC2011 ACT 1600MG V/B V1,BUILDING BLOCK,EU2,,Packing Material,Externally Procured Packing Material,Externally Procured Packing Material
"01966ca2-7ddd-7085-bc3d-0966f1ce7f5a-0195c683-897d-7694-a599-336dd7bb1d9c-1234-773623","0195c683-897d-7694-a599-336dd7bb1d9c","01966ca2-7ddd-7085-bc3d-0966f1ce7f5a",CypressTC2 – Streamer Test,"1234",2025-05-12 00:00:00.000,"773623",BKL 61186372NSC2011 ACT 80MG_G004 C V1,BUILDING BLOCK,EU2,,Packing Material,Externally Procured Packing Material,Externally Procured Packing Material
"01966ca2-7ddd-7085-bc3d-0966f1ce7f5a-0195c683-897f-72cf-ac94-ae8d54f2dc1f-1234-773916","0195c683-897f-72cf-ac94-ae8d54f2dc1f","01966ca2-7ddd-7085-bc3d-0966f1ce7f5a",CypressTC2 – Streamer Test,"1234",2025-05-12 00:00:00.000,"773916",BKL 61186372COR3001CETUXIMAB200MG V/B V1,BUILDING BLOCK,EU2,,Packing Material,Externally Procured Packing Material,Externally Procured Packing Material
"01966ca2-7ddd-7085-bc3d-0966f1ce7f5a-0195c683-8983-76d4-9538-2c073e0f5046-1234-766771","0195c683-8983-76d4-9538-2c073e0f5046","01966ca2-7ddd-7085-bc3d-0966f1ce7f5a",CypressTC2 – Streamer Test,"1234",2025-05-12 00:00:00.000,"766771",BKL 61186372PANSC2001 350MG VIAL V3,BUILDING BLOCK,EU2,,Packing Material,Externally Procured Packing Material,Externally Procured Packing Material
"01966ca2-7ddd-7085-bc3d-0966f1ce7f5a-0195c683-8990-71fc-876e-7b7321ab4033-1234-772587","0195c683-8990-71fc-876e-7b7321ab4033","01966ca2-7ddd-7085-bc3d-0966f1ce7f5a",CypressTC2 – Streamer Test,"1234",2025-05-12 00:00:00.000,"772587",BKL 61186372PANSC2001 CAP 150 MG CON V2,BUILDING BLOCK,EU2,,Packing Material,Externally Procured Packing Material,Externally Procured Packing Material
"01966ca2-7ddd-7085-bc3d-0966f1ce7f5a-0195c683-899b-7205-9e35-30a2ddbb50b8-1234-695558","0195c683-899b-7205-9e35-30a2ddbb50b8","01966ca2-7ddd-7085-bc3d-0966f1ce7f5a",CypressTC2 – Streamer Test,"1234",2025-05-12 00:00:00.000,"695558",BKL 61186372EDI1001 50MG/ML BOX V3,BUILDING BLOCK,EU2,,Packing Material,Externally Procured Packing Material,Externally Procured Packing Material
"01966ca2-7ddd-7085-bc3d-0966f1ce7f5a-0195c683-89a5-7295-b995-2b63fb400179-1234-777931","0195c683-89a5-7295-b995-2b63fb400179","01966ca2-7ddd-7085-bc3d-0966f1ce7f5a",CypressTC2 – Streamer Test,"1234",2025-05-12 00:00:00.000,"777931",BKL 61186372COR3002 ACT 1600MG V/B V2,BUILDING BLOCK,EU2,,Packing Material,Externally Procured Packing Material,Externally Procured Packing Material
"01966ca2-7ddd-7085-bc3d-0966f1ce7f5a-0195c683-89a5-72a9-94d5-f31faa87e41b-1234-775889","0195c683-89a5-72a9-94d5-f31faa87e41b","01966ca2-7ddd-7085-bc3d-0966f1ce7f5a",CypressTC2 – Streamer Test,"1234",2025-05-12 00:00:00.000,"775889",BKL 61186372COR3002BEVACIZUMAB400 V V1,BUILDING BLOCK,EU2,,Packing Material,Externally Procured Packing Material,Externally Procured Packing Material
"01966ca2-7ddd-7085-bc3d-0966f1ce7f5a-0195c683-89a5-769c-9393-ea3f9b1c8cbf-1234-775888","0195c683-89a5-769c-9393-ea3f9b1c8cbf","01966ca2-7ddd-7085-bc3d-0966f1ce7f5a",CypressTC2 – Streamer Test,"1234",2025-05-12 00:00:00.000,"775888",BKL 61186372COR3002BEVACIZUMAB400MG B V1,BUILDING BLOCK,EU2,,Packing Material,Externally Procured Packing Material,Externally Procured Packing Material
"01966ca2-7ddd-7085-bc3d-0966f1ce7f5a-0195c683-89a7-75c9-8ee3-4e024a29c1a9-1234-773896","0195c683-89a7-75c9-8ee3-4e024a29c1a9","01966ca2-7ddd-7085-bc3d-0966f1ce7f5a",CypressTC2 – Streamer Test,"1234",2025-05-12 00:00:00.000,"773896",BKL 61186372NSC3002 LAZERTINIB 72CT V4,BUILDING BLOCK,EU2,,Packing Material,Externally Procured Packing Material,Externally Procured Packing Material
"01966ca2-7ddd-7085-bc3d-0966f1ce7f5a-0195c683-89a8-7bd2-acab-2fd0b21337c7-1234-767775","0195c683-89a8-7bd2-acab-2fd0b21337c7","01966ca2-7ddd-7085-bc3d-0966f1ce7f5a",CypressTC2 – Streamer Test,"1234",2025-05-12 00:00:00.000,"767775",BKL 61186372HNC2002 ACT 2240MG V V1,BUILDING BLOCK,EU2,,Packing Material,Externally Procured Packing Material,Externally Procured Packing Material
"01966ca2-7ddd-7085-bc3d-0966f1ce7f5a-0195c683-89ac-7cf7-bcf5-68a3752c5740-1234-775921","0195c683-89ac-7cf7-bcf5-68a3752c5740","01966ca2-7ddd-7085-bc3d-0966f1ce7f5a",CypressTC2 – Streamer Test,"1234",2025-05-12 00:00:00.000,"775921",BKL 61186372COR3002CETUXIMAB500MG V/B V1,BUILDING BLOCK,EU2,,Packing Material,Externally Procured Packing Material,Externally Procured Packing Material
"01966ca2-7ddd-7085-bc3d-0966f1ce7f5a-0195c683-89c3-76cb-87c9-c3da6a8dadfb-1234-781821","0195c683-89c3-76cb-87c9-c3da6a8dadfb","01966ca2-7ddd-7085-bc3d-0966f1ce7f5a",CypressTC2 – Streamer Test,"1234",2025-05-12 00:00:00.000,"781821",BKL 61186372GIC2002 FLUO MEDAC V/B V1,BUILDING BLOCK,EU2,,Packing Material,Externally Procured Packing Material,Externally Procured Packing Material
"01966ca2-7ddd-7085-bc3d-0966f1ce7f5a-0195c683-89c7-7a2d-a87d-87caba6ff31c-1234-775844","0195c683-89c7-7a2d-a87d-87caba6ff31c","01966ca2-7ddd-7085-bc3d-0966f1ce7f5a",CypressTC2 – Streamer Test,"1234",2025-05-12 00:00:00.000,"775844",BKL 73841937NSC3003 61186372 350MG B V3,BUILDING BLOCK,EU2,,Packing Material,Externally Procured Packing Material,Externally Procured Packing Material
"01966ca2-7ddd-7085-bc3d-0966f1ce7f5a-0195c683-89c9-7a7d-8855-c59a02cd63ef-1234-776720","0195c683-89c9-7a7d-8855-c59a02cd63ef","01966ca2-7ddd-7085-bc3d-0966f1ce7f5a",CypressTC2 – Streamer Test,"1234",2025-05-12 00:00:00.000,"776720",BKL 61186372COR3002 CETUXIMAB 100MG V V1,BUILDING BLOCK,EU2,,Packing Material,Externally Procured Packing Material,Externally Procured Packing Material
"01966ca2-7ddd-7085-bc3d-0966f1ce7f5a-0195c683-89dc-788c-9f8f-f5b9c6ff285f-1234-775842","0195c683-89dc-788c-9f8f-f5b9c6ff285f","01966ca2-7ddd-7085-bc3d-0966f1ce7f5a",CypressTC2 – Streamer Test,"1234",2025-05-12 00:00:00.000,"775842",BKL 61186372NSC3004 73841937 93CT BTL V2,BUILDING BLOCK,EU2,,Packing Material,Externally Procured Packing Material,Externally Procured Packing Material
"01966ca2-7ddd-7085-bc3d-0966f1ce7f5a-0195c683-89dc-7e65-b9a6-540ce6e83576-1234-767903","0195c683-89dc-7e65-b9a6-540ce6e83576","01966ca2-7ddd-7085-bc3d-0966f1ce7f5a",CypressTC2 – Streamer Test,"1234",2025-05-12 00:00:00.000,"767903",BKL 61186372GIC2002 350MG VIAL V2,BUILDING BLOCK,EU2,,Packing Material,Externally Procured Packing Material,Externally Procured Packing Material
"01966ca2-7ddd-7085-bc3d-0966f1ce7f5a-0195c683-89f4-714a-b7cf-937e9e852cc0-1234-766435","0195c683-89f4-714a-b7cf-937e9e852cc0","01966ca2-7ddd-7085-bc3d-0966f1ce7f5a",CypressTC2 – Streamer Test,"1234",2025-05-12 00:00:00.000,"766435",BKL 61186372NSC3004 350MG BOX V2,BUILDING BLOCK,EU2,,Packing Material,Externally Procured Packing Material,Externally Procured Packing Material
"01966ca2-7ddd-7085-bc3d-0966f1ce7f5a-0195c683-89f7-750c-83e3-c9e07d3da308-1234-773917","0195c683-89f7-750c-83e3-c9e07d3da308","01966ca2-7ddd-7085-bc3d-0966f1ce7f5a",CypressTC2 – Streamer Test,"1234",2025-05-12 00:00:00.000,"773917",BKL 61186372COR3001CETUXIMAB500MG V/B V1,BUILDING BLOCK,EU2,,Packing Material,Externally Procured Packing Material,Externally Procured Packing Material
"01966ca2-7ddd-7085-bc3d-0966f1ce7f5a-0195c683-89f8-7ae6-9e37-c37aa39705c5-1234-766023","0195c683-89f8-7ae6-9e37-c37aa39705c5","01966ca2-7ddd-7085-bc3d-0966f1ce7f5a",CypressTC2 – Streamer Test,"1234",2025-05-12 00:00:00.000,"766023",BKL 61186372NSC2002 PEMETREXED V/B V2,BUILDING BLOCK,EU2,,Packing Material,Externally Procured Packing Material,Externally Procured Packing Material
"01966ca2-7ddd-7085-bc3d-0966f1ce7f5a-0195c683-89fc-7615-89c3-845d5cd4e0fa-1234-772588","0195c683-89fc-7615-89c3-845d5cd4e0fa","01966ca2-7ddd-7085-bc3d-0966f1ce7f5a",CypressTC2 – Streamer Test,"1234",2025-05-12 00:00:00.000,"772588",BKL 61186372PANSC2001 CAP 200 MG CON V2,BUILDING BLOCK,EU2,,Packing Material,Externally Procured Packing Material,Externally Procured Packing Material
"01966ca2-7ddd-7085-bc3d-0966f1ce7f5a-0195c683-8a10-74f0-a326-e955af417c4d-1234-770956","0195c683-8a10-74f0-a326-e955af417c4d","01966ca2-7ddd-7085-bc3d-0966f1ce7f5a",CypressTC2 – Streamer Test,"1234",2025-05-12 00:00:00.000,"770956",BKL 61186372NSC2007 ACT  2240MG B V1,BUILDING BLOCK,EU2,,Packing Material,Externally Procured Packing Material,Externally Procured Packing Material
"01966ca2-7ddd-7085-bc3d-0966f1ce7f5a-0195c683-8a11-71e2-bc61-d53dc7bd80f7-1234-770959","0195c683-8a11-71e2-bc61-d53dc7bd80f7","01966ca2-7ddd-7085-bc3d-0966f1ce7f5a",CypressTC2 – Streamer Test,"1234",2025-05-12 00:00:00.000,"770959",BKL 61186372NSC2007 ACT 2240MG V V1,BUILDING BLOCK,EU2,,Packing Material,Externally Procured Packing Material,Externally Procured Packing Material
"01966ca2-7ddd-7085-bc3d-0966f1ce7f5a-0195c683-8a14-7be0-8e18-3b295eea5885-1234-769688","0195c683-8a14-7be0-8e18-3b295eea5885","01966ca2-7ddd-7085-bc3d-0966f1ce7f5a",CypressTC2 – Streamer Test,"1234",2025-05-12 00:00:00.000,"769688",BKL 61186372PANSC2003 350MG 50MG/ML B V1,BUILDING BLOCK,EU2,,Packing Material,Externally Procured Packing Material,Externally Procured Packing Material
"01966ca2-7ddd-7085-bc3d-0966f1ce7f5a-0195c683-8a15-7800-9ecb-ce8cf09f25a0-1234-769825","0195c683-8a15-7800-9ecb-ce8cf09f25a0","01966ca2-7ddd-7085-bc3d-0966f1ce7f5a",CypressTC2 – Streamer Test,"1234",2025-05-12 00:00:00.000,"769825",BKL 61186372NSC3004 350MG VIAL V2,BUILDING BLOCK,EU2,,Packing Material,Externally Procured Packing Material,Externally Procured Packing Material
"01966ca2-7ddd-7085-bc3d-0966f1ce7f5a-0195c683-8a15-7861-86b2-416523ee997c-1234-766444","0195c683-8a15-7861-86b2-416523ee997c","01966ca2-7ddd-7085-bc3d-0966f1ce7f5a",CypressTC2 – Streamer Test,"1234",2025-05-12 00:00:00.000,"766444",BKL 61186372NSC3002 PEMETREXED V2,BUILDING BLOCK,EU2,,Packing Material,Externally Procured Packing Material,Externally Procured Packing Material
"01966ca2-7ddd-7085-bc3d-0966f1ce7f5a-0195c683-8a15-7969-8a8d-6425c3efa464-1234-776719","0195c683-8a15-7969-8a8d-6425c3efa464","01966ca2-7ddd-7085-bc3d-0966f1ce7f5a",CypressTC2 – Streamer Test,"1234",2025-05-12 00:00:00.000,"776719",BKL 61186372COR3002 CETUXIMAB 100MG B V1,BUILDING BLOCK,EU2,,Packing Material,Externally Procured Packing Material,Externally Procured Packing Material
"01966ca2-7ddd-7085-bc3d-0966f1ce7f5a-0195c683-8a15-7b0d-9d6a-a08f78c50026-1234-776717","0195c683-8a15-7b0d-9d6a-a08f78c50026","01966ca2-7ddd-7085-bc3d-0966f1ce7f5a",CypressTC2 – Streamer Test,"1234",2025-05-12 00:00:00.000,"776717",BKL 61186372COR3001 CETUXIMAB 100MG B V1,BUILDING BLOCK,EU2,,Packing Material,Externally Procured Packing Material,Externally Procured Packing Material
"01966ca2-7ddd-7085-bc3d-0966f1ce7f5a-0195c683-8a15-7f68-b9e9-b9ac3a6adfac-1234-782486","0195c683-8a15-7f68-b9e9-b9ac3a6adfac","01966ca2-7ddd-7085-bc3d-0966f1ce7f5a",CypressTC2 – Streamer Test,"1234",2025-05-12 00:00:00.000,"782486",BKL 61186372 ACT 2240MG B V2,BUILDING BLOCK,EU2,,Packing Material,Externally Procured Packing Material,Externally Procured Packing Material
"01966ca2-7ddd-7085-bc3d-0966f1ce7f5a-0195c683-8a19-7ea8-9a25-4619f09a7b01-1234-467012","0195c683-8a19-7ea8-9a25-4619f09a7b01","01966ca2-7ddd-7085-bc3d-0966f1ce7f5a",CypressTC2 – Streamer Test,"1234",2025-05-12 00:00:00.000,"467012",VORBEREITUNG COMPOUNDING CNTO4424 LPF2,RYBREVANT,EU2,,Raw Material,Externally Procured Raw Material,Externally Procured Raw Material
"01966ca2-7ddd-7085-bc3d-0966f1ce7f5a-0195c683-8a23-744c-a40c-370d010f65dd-1234-773675","0195c683-8a23-744c-a40c-370d010f65dd","01966ca2-7ddd-7085-bc3d-0966f1ce7f5a",CypressTC2 – Streamer Test,"1234",2025-05-12 00:00:00.000,"773675",BKL 61186372NSC3001 350MG B V3,BUILDING BLOCK,EU2,,Packing Material,Externally Procured Packing Material,Externally Procured Packing Material
"01966ca2-7ddd-7085-bc3d-0966f1ce7f5a-0195c683-8a23-753d-a0d4-0c154ee33373-1234-767902","0195c683-8a23-753d-a0d4-0c154ee33373","01966ca2-7ddd-7085-bc3d-0966f1ce7f5a",CypressTC2 – Streamer Test,"1234",2025-05-12 00:00:00.000,"767902",BKL 61186372GIC2002 350MG BOX V2,BUILDING BLOCK,EU2,,Packing Material,Externally Procured Packing Material,Externally Procured Packing Material
"01966ca2-7ddd-7085-bc3d-0966f1ce7f5a-0195c683-8a25-700a-8e72-77d6b1c8172c-1234-773913","0195c683-8a25-700a-8e72-77d6b1c8172c","01966ca2-7ddd-7085-bc3d-0966f1ce7f5a",CypressTC2 – Streamer Test,"1234",2025-05-12 00:00:00.000,"773913",BKL 61186372COR3001 ACT 1600MG V/B V1,BUILDING BLOCK,EU2,,Packing Material,Externally Procured Packing Material,Externally Procured Packing Material
"01966ca2-7ddd-7085-bc3d-0966f1ce7f5a-0195c683-8a2a-7b0a-9915-58fbb2f7dd61-1234-770957","0195c683-8a2a-7b0a-9915-58fbb2f7dd61","01966ca2-7ddd-7085-bc3d-0966f1ce7f5a",CypressTC2 – Streamer Test,"1234",2025-05-12 00:00:00.000,"770957",BKL 61186372NSC2007 ACT 1600MG B V1,BUILDING BLOCK,EU2,,Packing Material,Externally Procured Packing Material,Externally Procured Packing Material
"01966ca2-7ddd-7085-bc3d-0966f1ce7f5a-0195c683-8a2a-7f89-bd90-d8dfb432c126-1234-770958","0195c683-8a2a-7f89-bd90-d8dfb432c126","01966ca2-7ddd-7085-bc3d-0966f1ce7f5a",CypressTC2 – Streamer Test,"1234",2025-05-12 00:00:00.000,"770958",BKL 61186372NSC2007 ACT 1600MG V V1,BUILDING BLOCK,EU2,,Packing Material,Externally Procured Packing Material,Externally Procured Packing Material
"01966ca2-7ddd-7085-bc3d-0966f1ce7f5a-0195c683-8a2c-73bb-92b0-400c711cd555-1234-778183","0195c683-8a2c-73bb-92b0-400c711cd555","01966ca2-7ddd-7085-bc3d-0966f1ce7f5a",CypressTC2 – Streamer Test,"1234",2025-05-12 00:00:00.000,"778183",BKL 61186372COR3001CETUXIMAB500MG V/B V2,BUILDING BLOCK,EU2,,Packing Material,Externally Procured Packing Material,Externally Procured Packing Material
"01966ca2-7ddd-7085-bc3d-0966f1ce7f5a-0195c683-8a2c-7dbc-a469-d095da3580e4-1234-776718","0195c683-8a2c-7dbc-a469-d095da3580e4","01966ca2-7ddd-7085-bc3d-0966f1ce7f5a",CypressTC2 – Streamer Test,"1234",2025-05-12 00:00:00.000,"776718",BKL 61186372COR3001 CETUXIMAB 100MG V V1,BUILDING BLOCK,EU2,,Packing Material,Externally Procured Packing Material,Externally Procured Packing Material
"01966ca2-7ddd-7085-bc3d-0966f1ce7f5a-0195c683-8a2d-7534-9131-682e148e47b0-1234-774853","0195c683-8a2d-7534-9131-682e148e47b0","01966ca2-7ddd-7085-bc3d-0966f1ce7f5a",CypressTC2 – Streamer Test,"1234",2025-05-12 00:00:00.000,"774853",BKL 73841937NSC1001 61186372 350MG B V3,BUILDING BLOCK,EU2,,Packing Material,Externally Procured Packing Material,Externally Procured Packing Material
"01966ca2-7ddd-7085-bc3d-0966f1ce7f5a-0195c683-8a30-76fd-82d7-accb68bc8876-1234-782483","0195c683-8a30-76fd-82d7-accb68bc8876","01966ca2-7ddd-7085-bc3d-0966f1ce7f5a",CypressTC2 – Streamer Test,"1234",2025-05-12 00:00:00.000,"782483",BKL 61186372 ACT 2240MG V V2,BUILDING BLOCK,EU2,,Packing Material,Externally Procured Packing Material,Externally Procured Packing Material
"01966ca2-7ddd-7085-bc3d-0966f1ce7f5a-0195c683-8b8c-7c06-bf53-9d1f336492af-1234-40186A","0195c683-8b8c-7c06-bf53-9d1f336492af","01966ca2-7ddd-7085-bc3d-0966f1ce7f5a",CypressTC2 – Streamer Test,"1234",2025-05-12 00:00:00.000,"40186A",FS AMIVANTAMAB 1X350MG VIAL ATU-FR,RYBREVANT,EU2,,Packing Material,Externally Procured Packing Material,Externally Procured Packing Material
"01966ca2-7ddd-7085-bc3d-0966f1ce7f5a-0195c683-8bda-7408-bc60-e097829c1f16-1234-40188A","0195c683-8bda-7408-bc60-e097829c1f16","01966ca2-7ddd-7085-bc3d-0966f1ce7f5a",CypressTC2 – Streamer Test,"1234",2025-05-12 00:00:00.000,"40188A",ET AMIVANTAMAB 1X350MG VIAL ATU-FR,RYBREVANT,EU2,,Packing Material,Externally Procured Packing Material,Externally Procured Packing Material
"01966ca2-7ddd-7085-bc3d-0966f1ce7f5a-0195c683-8bdc-7c03-86e4-40d9507c27a2-1234-40187A","0195c683-8bdc-7c03-86e4-40d9507c27a2","01966ca2-7ddd-7085-bc3d-0966f1ce7f5a",CypressTC2 – Streamer Test,"1234",2025-05-12 00:00:00.000,"40187A",PB AMIVANTAMAB 1X350MG VIAL ATU-FR,RYBREVANT,EU2,,Packing Material,Externally Procured Packing Material,Externally Procured Packing Material
"01966ca2-7ddd-7085-bc3d-0966f1ce7f5a-0195c683-8bef-7c8b-ae24-c8d3d4c8aec4-1234-737586","0195c683-8bef-7c8b-ae24-c8d3d4c8aec4","01966ca2-7ddd-7085-bc3d-0966f1ce7f5a",CypressTC2 – Streamer Test,"1234",2025-05-12 00:00:00.000,"737586",BKL 61186372NSC3002 CARBOPLATIN V1,BUILDING BLOCK,EU2,,Packing Material,Externally Procured Packing Material,Externally Procured Packing Material
"01966ca2-7ddd-7085-bc3d-0966f1ce7f5a-0195c683-8bf6-7f7a-a09d-02a84a9c69dc-1234-738242","0195c683-8bf6-7f7a-a09d-02a84a9c69dc","01966ca2-7ddd-7085-bc3d-0966f1ce7f5a",CypressTC2 – Streamer Test,"1234",2025-05-12 00:00:00.000,"738242",BKL 61186372NSC3002 LAZERTINIB 72CT V1,BUILDING BLOCK,EU2,,Packing Material,Externally Procured Packing Material,Externally Procured Packing Material
"01966ca2-7ddd-7085-bc3d-0966f1ce7f5a-0195c683-8bfd-7134-8348-0fc41a8544a3-1234-744921","0195c683-8bfd-7134-8348-0fc41a8544a3","01966ca2-7ddd-7085-bc3d-0966f1ce7f5a",CypressTC2 – Streamer Test,"1234",2025-05-12 00:00:00.000,"744921",BKL 61186372NSC1003 73841937 93CT BTL V1,BUILDING BLOCK,EU2,,Packing Material,Externally Procured Packing Material,Externally Procured Packing Material
"01966ca2-7ddd-7085-bc3d-0966f1ce7f5a-0195c683-8c02-7ddc-bd57-ab5db535e1f3-1234-737589","0195c683-8c02-7ddc-bd57-ab5db535e1f3","01966ca2-7ddd-7085-bc3d-0966f1ce7f5a",CypressTC2 – Streamer Test,"1234",2025-05-12 00:00:00.000,"737589",BKL 61186372NSC3002 PEMETREXED V1,BUILDING BLOCK,EU2,,Packing Material,Externally Procured Packing Material,Externally Procured Packing Material
"01966ca2-7ddd-7085-bc3d-0966f1ce7f5a-0195c683-8c1b-75af-a891-8173b60d3229-1234-698964","0195c683-8c1b-75af-a891-8173b60d3229","01966ca2-7ddd-7085-bc3d-0966f1ce7f5a",CypressTC2 – Streamer Test,"1234",2025-05-12 00:00:00.000,"698964",BKL 61186372NSC3001 350MG B V1,BUILDING BLOCK,EU2,,Packing Material,Externally Procured Packing Material,Externally Procured Packing Material
"01966ca2-7ddd-7085-bc3d-0966f1ce7f5a-0195c683-8c21-7530-afb6-e390b2e2c244-1234-726256","0195c683-8c21-7530-afb6-e390b2e2c244","01966ca2-7ddd-7085-bc3d-0966f1ce7f5a",CypressTC2 – Streamer Test,"1234",2025-05-12 00:00:00.000,"726256",BKL 61186372NSC1003 160MG_HC_CF VIAL V1,BUILDING BLOCK,EU2,,Packing Material,Externally Procured Packing Material,Externally Procured Packing Material
"01966ca2-7ddd-7085-bc3d-0966f1ce7f5a-0195c683-8c30-7d99-8301-b1ca33aaf9d0-1234-698983","0195c683-8c30-7d99-8301-b1ca33aaf9d0","01966ca2-7ddd-7085-bc3d-0966f1ce7f5a",CypressTC2 – Streamer Test,"1234",2025-05-12 00:00:00.000,"698983",BKL 61186372EDI1001 350 MG BOX V4,BUILDING BLOCK,EU2,,Packing Material,Externally Procured Packing Material,Externally Procured Packing Material
"01966ca2-7ddd-7085-bc3d-0966f1ce7f5a-0195c683-8c92-749d-adea-12dc1b319aaf-1234-737584","0195c683-8c92-749d-adea-12dc1b319aaf","01966ca2-7ddd-7085-bc3d-0966f1ce7f5a",CypressTC2 – Streamer Test,"1234",2025-05-12 00:00:00.000,"737584",BKL 61186372NSC3002 350MG BOX V1,BUILDING BLOCK,EU2,,Packing Material,Externally Procured Packing Material,Externally Procured Packing Material
"01966ca2-7ddd-7085-bc3d-0966f1ce7f5a-0195c683-8ca1-703c-a388-2c304086380d-1234-726257","0195c683-8ca1-703c-a388-2c304086380d","01966ca2-7ddd-7085-bc3d-0966f1ce7f5a",CypressTC2 – Streamer Test,"1234",2025-05-12 00:00:00.000,"726257",BKL 61186372NSC1003 160MG_HC  VIAL V1,BUILDING BLOCK,EU2,,Packing Material,Externally Procured Packing Material,Externally Procured Packing Material
"01966ca2-7ddd-7085-bc3d-0966f1ce7f5a-0195c683-8caa-79fe-93b7-faed6d7168a6-1234-726254","0195c683-8caa-79fe-93b7-faed6d7168a6","01966ca2-7ddd-7085-bc3d-0966f1ce7f5a",CypressTC2 – Streamer Test,"1234",2025-05-12 00:00:00.000,"726254",BKL 61186372LUC4001 350MG BEL BOX V1,BUILDING BLOCK,EU2,,Packing Material,Externally Procured Packing Material,Externally Procured Packing Material
"01966ca2-7ddd-7085-bc3d-0966f1ce7f5a-0195c683-8cbe-7a7a-be7c-665aece0f1d8-1234-726258","0195c683-8cbe-7a7a-be7c-665aece0f1d8","01966ca2-7ddd-7085-bc3d-0966f1ce7f5a",CypressTC2 – Streamer Test,"1234",2025-05-12 00:00:00.000,"726258",BKL 61186372NSC1003 160MG_HC  BOX V1,BUILDING BLOCK,EU2,,Packing Material,Externally Procured Packing Material,Externally Procured Packing Material
"01966ca2-7ddd-7085-bc3d-0966f1ce7f5a-0195c683-8cc3-77c3-91ed-4bc69137f44d-1234-697844","0195c683-8cc3-77c3-91ed-4bc69137f44d","01966ca2-7ddd-7085-bc3d-0966f1ce7f5a",CypressTC2 – Streamer Test,"1234",2025-05-12 00:00:00.000,"697844",BKL 73841937NSC1001 61186372 350MG V V1,BUILDING BLOCK,EU2,,Packing Material,Externally Procured Packing Material,Externally Procured Packing Material
"01966ca2-7ddd-7085-bc3d-0966f1ce7f5a-0195c683-8cd3-73b1-a5b9-df086a935eb2-1234-699851","0195c683-8cd3-73b1-a5b9-df086a935eb2","01966ca2-7ddd-7085-bc3d-0966f1ce7f5a",CypressTC2 – Streamer Test,"1234",2025-05-12 00:00:00.000,"699851",BKL 61186372NSC1003 RHUPH20 0.5MG VIAL 1,BUILDING BLOCK,EU2,,Packing Material,Externally Procured Packing Material,Externally Procured Packing Material
